DescriptorId,ConceptID,ConceptName,DateCreated,DateRevised,DateEstablished,Concept_dcid,Descriptor_dcid
D000001,M0000001,Calcimycin,11/19/74,5/27/16,1/1/84,bio/M0000001,bio/D000001
D000001,M0353609,A-23187,,,,bio/M0353609,bio/D000001
D000002,M0000002,Temefos,1/1/99,7/8/13,1/1/91,bio/M0000002,bio/D000002
D000002,M0352201,Abate,,,,bio/M0352201,bio/D000002
D000002,M0352200,Difos,,,,bio/M0352200,bio/D000002
D000003,M0000003,Abattoirs,1/1/99,6/8/16,1/1/66,bio/M0000003,bio/D000003
D000004,M0000004,Abbreviations as Topic,1/1/99,6/30/17,1/1/60,bio/M0000004,bio/D000004
D000004,M0511063,Acronyms as Topic,,,,bio/M0511063,bio/D000004
D000005,M0000005,Abdomen,1/1/99,8/9/16,1/1/66,bio/M0000005,bio/D000005
D000006,M0000006,"Abdomen, Acute",1/1/99,6/20/17,1/1/66,bio/M0000006,bio/D000006
D000007,M0000007,Abdominal Injuries,1/1/99,6/25/10,1/1/66,bio/M0000007,bio/D000007
D000008,M0000008,Abdominal Neoplasms,1/1/99,11/24/15,1/1/66,bio/M0000008,bio/D000008
D000009,M0000009,Abdominal Muscles,1/1/99,5/31/16,1/1/93,bio/M0000009,bio/D000009
D000009,M000615276,Cremaster Muscle,,,,bio/M000615276,bio/D000009
D000009,M000615216,Pyramidalis Muscle,,,,bio/M000615216,bio/D000009
D000009,M000616776,Quadratus Abdominis,,,,bio/M000616776,bio/D000009
D000009,M000615203,Transversus Abdominis,,,,bio/M000615203,bio/D000009
D000010,M0000010,Abducens Nerve,1/1/99,6/20/14,1/1/66,bio/M0000010,bio/D000010
D000011,M0000011,Abelson murine leukemia virus,4/16/79,8/13/20,1/1/91,bio/M0000011,bio/D000011
D000012,M0000012,Abetalipoproteinemia,1/1/99,7/8/13,1/1/66,bio/M0000012,bio/D000012
D000013,M0000013,Congenital Abnormalities,1/1/99,1/16/20,1/1/08,bio/M0000013,bio/D000013
D000013,M000677226,Fetal Malformations,,,,bio/M000677226,bio/D000013
D000013,M000677225,Fetal Anomalies,,,,bio/M000677225,bio/D000013
D000014,M0000014,"Abnormalities, Drug-Induced",1/1/99,7/8/13,1/1/64,bio/M0000014,bio/D000014
D000015,M0000015,"Abnormalities, Multiple",1/1/99,12/1/15,1/1/68,bio/M0000015,bio/D000015
D000016,M0000016,"Abnormalities, Radiation-Induced",3/20/78,6/22/15,1/1/79,bio/M0000016,bio/D000016
D000017,M0000017,ABO Blood-Group System,7/25/75,6/30/05,1/1/76,bio/M0000017,bio/D000017
D000017,M0000019,Blood Group H Type 1 Antigen,,,,bio/M0000019,bio/D000017
D000017,M0000018,ABO Factors,,,,bio/M0000018,bio/D000017
D000018,M0000020,Abomasum,1/1/99,5/18/95,1/1/68,bio/M0000020,bio/D000018
D000019,M0000021,Abortifacient Agents,1/1/99,6/25/14,1/1/75,bio/M0000021,bio/D000019
D000019,M0556260,Abortifacient Effect,,,,bio/M0556260,bio/D000019
D000020,M0000022,"Abortifacient Agents, Nonsteroidal",11/11/74,6/25/14,1/1/91,bio/M0000022,bio/D000020
D000021,M0000023,"Abortifacient Agents, Steroidal",11/11/74,6/30/05,1/1/91,bio/M0000023,bio/D000021
D000022,M0000024,"Abortion, Spontaneous",1/1/99,6/21/18,1/1/99,bio/M0000024,bio/D000022
D000022,M000639514,Early Pregnancy Loss,,,,bio/M000639514,bio/D000022
D000022,M000639513,Miscarriage,,,,bio/M000639513,bio/D000022
D000022,M0000025,"Abortion, Tubal",,,,bio/M0000025,bio/D000022
D000023,M0000026,Abortion Applicants,11/19/74,6/23/15,1/1/76,bio/M0000026,bio/D000023
D000023,M0000028,"Abortion Seekers, Repeated",,,,bio/M0000028,bio/D000023
D000023,M0000027,"Abortion Seekers, Refused",,,,bio/M0000027,bio/D000023
D000024,M0000029,"Abortion, Criminal",1/1/99,6/23/15,1/1/66,bio/M0000029,bio/D000024
D000025,M0000030,"Abortion, Eugenic",11/19/74,6/23/15,1/1/91,bio/M0000030,bio/D000025
D000025,M0000031,"Abortion, Selective",,,,bio/M0000031,bio/D000025
D000026,M0000032,"Abortion, Habitual",1/1/99,6/20/17,1/1/66,bio/M0000032,bio/D000026
D000027,M0000033,"Abortion, Incomplete",11/11/74,6/30/05,9/1/75,bio/M0000033,bio/D000027
D000028,M0000037,"Abortion, Induced",1/1/99,7/2/02,1/1/71,bio/M0000037,bio/D000028
D000028,M0000035,Abortion Rate,,,,bio/M0000035,bio/D000028
D000028,M0000043,Abortion Techniques,,,,bio/M0000043,bio/D000028
D000028,M0000036,"Abortion, Drug-Induced",,,,bio/M0000036,bio/D000028
D000028,M0000034,Previous Abortion,,,,bio/M0000034,bio/D000028
D000028,M0000039,"Abortion, Saline-Solution",,,,bio/M0000039,bio/D000028
D000028,M0000044,"Abortion, Soap-Solution",,,,bio/M0000044,bio/D000028
D000028,M0000040,Anti-Abortion Groups,,,,bio/M0000040,bio/D000028
D000028,M0000041,Embryotomy,,,,bio/M0000041,bio/D000028
D000028,M0000042,"Fertility Control, Postconception",,,,bio/M0000042,bio/D000028
D000028,M0000045,Abortion Failure,,,,bio/M0000045,bio/D000028
D000028,M0000038,"Abortion, Rivanol",,,,bio/M0000038,bio/D000028
D000029,M0000047,"Abortion, Legal",1/1/99,6/23/15,1/1/64,bio/M0000047,bio/D000029
D000029,M0000046,Abortion on Demand,,,,bio/M0000046,bio/D000029
D000030,M0000048,"Abortion, Missed",1/1/99,6/30/05,1/1/66,bio/M0000048,bio/D000030
D000031,M0000050,"Abortion, Septic",1/1/99,6/17/19,1/1/66,bio/M0000050,bio/D000031
D000032,M0000051,"Abortion, Therapeutic",1/1/99,6/20/97,1/1/66,bio/M0000051,bio/D000032
D000033,M0000052,"Abortion, Threatened",1/1/99,6/20/17,1/1/66,bio/M0000052,bio/D000033
D000034,M0000053,"Abortion, Veterinary",1/1/99,7/9/07,1/1/66,bio/M0000053,bio/D000034
D000035,M0000054,Abreaction,1/1/99,6/20/97,1/1/68,bio/M0000054,bio/D000035
D000036,M0000055,Abrin,11/19/74,7/9/07,1/1/91,bio/M0000055,bio/D000036
D000036,M0000057,Abrin C,,,,bio/M0000057,bio/D000036
D000036,M0000056,Abrin A,,,,bio/M0000056,bio/D000036
D000037,M0000058,Abruptio Placentae,1/1/99,6/30/05,1/1/66,bio/M0000058,bio/D000037
D000038,M0000059,Abscess,1/1/99,6/17/19,1/1/66,bio/M0000059,bio/D000038
D000039,M0000060,Peritonsillar Abscess,1/1/99,6/17/19,1/1/89,bio/M0000060,bio/D000039
D000040,M0000061,Abscisic Acid,11/19/74,7/2/19,1/1/91,bio/M0000061,bio/D000040
D000040,M0330738,"Abscisic Acid, (+,-)-Isomer",,,,bio/M0330738,bio/D000040
D000040,M0330737,"Abscisic Acid, (Z,E)-Isomer",,,,bio/M0330737,bio/D000040
D000040,M0330678,"Abscisic Acid, (E,Z)-(+,-)-Isomer",,,,bio/M0330678,bio/D000040
D000040,M0330677,"Abscisic Acid, (R)-Isomer",,,,bio/M0330677,bio/D000040
D000040,M0330680,"Abscisic Acid Monoammonium Salt, (R)-Isomer",,,,bio/M0330680,bio/D000040
D000040,M0330679,"Abscisic Acid, (E,E)-(+-)-Isomer",,,,bio/M0330679,bio/D000040
D000041,M0000062,Absenteeism,1/1/99,5/27/94,1/1/63,bio/M0000062,bio/D000041
D000042,M0000063,Absorption,1/1/99,5/2/16,1/1/66,bio/M0000063,bio/D000042
D000043,M0000065,Abstracting and Indexing,1/1/99,7/5/19,1/1/60,bio/M0000065,bio/D000043
D000043,M0372380,Indexing,,,,bio/M0372380,bio/D000043
D000043,M0000066,Indexes as Topic,,,,bio/M0000066,bio/D000043
D000043,M0000064,Abstracting,,,,bio/M0000064,bio/D000043
D000044,M0000067,Dental Abutments,1/1/99,6/22/15,1/1/70,bio/M0000067,bio/D000044
D000045,M0000068,Acacia,1/1/99,8/13/20,1/1/91,bio/M0000068,bio/D000045
D000045,M0397059,Acacia catechu,,,,bio/M0397059,bio/D000045
D000046,M0000069,Academic Medical Centers,6/1/79,5/24/19,1/1/80,bio/M0000069,bio/D000046
D000047,M0000071,Academies and Institutes,1/1/99,11/3/99,1/1/70,bio/M0000071,bio/D000047
D000047,M0000072,Institutes,,,,bio/M0000072,bio/D000047
D000047,M0000073,Research Institutes,,,,bio/M0000073,bio/D000047
D000047,M0000070,Academies,,,,bio/M0000070,bio/D000047
D000048,M0000074,Acanthamoeba,4/30/87,8/13/20,1/1/88,bio/M0000074,bio/D000048
D000049,M0000075,Acanthocephala,1/1/99,8/13/20,1/1/74,bio/M0000075,bio/D000049
D000050,M0000076,Acanthocytes,11/11/74,7/9/03,1/1/91,bio/M0000076,bio/D000050
D000051,M0000077,Acantholysis,1/1/99,7/10/08,1/1/91,bio/M0000077,bio/D000051
D000052,M0000078,Acanthosis Nigricans,1/1/99,7/1/16,1/1/66,bio/M0000078,bio/D000052
D000053,M0000079,Acari,1/1/99,8/13/20,1/1/75,bio/M0000079,bio/D000053
D000054,M0000080,Acceleration,1/1/99,1/15/16,1/1/66,bio/M0000080,bio/D000054
D000055,M0000081,Accessory Nerve,1/1/99,6/13/14,1/1/66,bio/M0000081,bio/D000055
D000056,M0000083,Accident Prevention,1/1/99,7/8/08,1/1/66,bio/M0000083,bio/D000056
D000057,M0000084,Accident Proneness,11/11/74,7/2/02,9/1/75,bio/M0000084,bio/D000057
D000058,M0000085,Accidental Falls,6/24/86,6/16/15,1/1/91,bio/M0000085,bio/D000058
D000058,M000597654,Slip and Fall,,,,bio/M000597654,bio/D000058
D000059,M0000086,Accidents,1/1/99,7/8/19,1/1/66,bio/M0000086,bio/D000059
D000060,M0000087,"Accidents, Aviation",1/1/99,11/30/15,1/1/66,bio/M0000087,bio/D000060
D000061,M0000088,"Accidents, Home",1/1/99,11/30/15,1/1/70,bio/M0000088,bio/D000061
D000062,M0000090,"Accidents, Occupational",1/1/99,6/24/11,1/1/79,bio/M0000090,bio/D000062
D000062,M0000089,"Accidents, Industrial",,,,bio/M0000089,bio/D000062
D000063,M0000091,"Accidents, Traffic",1/1/99,5/31/19,1/1/66,bio/M0000091,bio/D000063
D000063,M000648753,Traffic Collisions,,,,bio/M000648753,bio/D000063
D000063,M000648752,Traffic Crashes,,,,bio/M000648752,bio/D000063
D000064,M0000092,Acclimatization,1/1/99,2/19/16,1/1/66,bio/M0000092,bio/D000064
D000065,M0000093,"Accommodation, Ocular",1/1/99,6/2/16,1/1/66,bio/M0000093,bio/D000065
D000065,M0471007,"Accommodation, Lens",,,,bio/M0471007,bio/D000065
D000066,M0000094,Accounting,1/1/99,6/10/96,1/1/66,bio/M0000094,bio/D000066
D000066388,M000594798,Oil and Gas Industry,7/1/15,1/16/20,1/1/16,bio/M000594798,bio/D000066388
D000066388,M000594936,Petroleum Industry,,,,bio/M000594936,bio/D000066388
D000066388,M000677418,Oil Refinery,,,,bio/M000677418,bio/D000066388
D000066388,M000594935,Natural Gas Industry,,,,bio/M000594935,bio/D000066388
D000066428,M000594937,Coal Industry,7/1/15,10/5/15,1/1/16,bio/M000594937,bio/D000066428
D000066448,M000595368,Driving Under the Influence,7/2/15,5/6/19,1/1/16,bio/M000595368,bio/D000066448
D000066448,M000649277,Drinking and Driving,,,,bio/M000649277,bio/D000066448
D000066449,M000595369,Human Embryonic Stem Cells,7/1/15,5/27/20,1/1/16,bio/M000595369,bio/D000066449
D000066450,M000595370,Mouse Embryonic Stem Cells,7/1/15,5/27/20,1/1/16,bio/M000595370,bio/D000066450
D000066473,M000595433,Embryonic Germ Cells,7/10/15,7/10/15,1/1/16,bio/M000595433,bio/D000066473
D000066477,M000595463,Work Performance,7/1/15,6/16/15,1/1/16,bio/M000595463,bio/D000066477
D000066477,M000602080,Job Performance,,,,bio/M000602080,bio/D000066477
D000066479,M000595471,Criminal Behavior,7/1/15,10/15/14,1/1/16,bio/M000595471,bio/D000066479
D000066491,M000595509,Clinical Decision-Making,7/2/15,5/8/19,1/1/16,bio/M000595509,bio/D000066491
D000066492,M000595510,Cognitive Aging,7/7/15,6/17/16,1/1/16,bio/M000595510,bio/D000066492
D000066494,M000595512,Cognitive Neuroscience,7/7/15,4/29/20,1/1/16,bio/M000595512,bio/D000066494
D000066494,M000679337,Social Neuroscience,,,,bio/M000679337,bio/D000066494
D000066498,M000595534,Emotional Adjustment,7/10/15,7/9/15,1/1/16,bio/M000595534,bio/D000066498
D000066499,M000595535,Facial Recognition,7/7/15,6/22/20,1/1/16,bio/M000595535,bio/D000066499
D000066499,M000678497,Facial Emotion Recognition,,,,bio/M000678497,bio/D000066499
D000066502,M000595544,Grandparents,7/1/15,3/22/19,1/1/16,bio/M000595544,bio/D000066502
D000066502,M000602084,Grandmother,,,,bio/M000602084,bio/D000066502
D000066502,M000602085,Grandfather,,,,bio/M000602085,bio/D000066502
D000066505,M000595549,Help-Seeking Behavior,7/1/15,10/15/14,1/1/16,bio/M000595549,bio/D000066505
D000066506,M000595550,Heuristics,7/6/15,7/5/19,1/1/16,bio/M000595550,bio/D000066506
D000066511,M000595633,Intimate Partner Violence,7/1/15,4/9/15,1/1/16,bio/M000595633,bio/D000066511
D000066511,M000602082,Dating Violence,,,,bio/M000602082,bio/D000066511
D000066530,M000595649,Neurological Rehabilitation,7/1/15,7/5/19,1/1/16,bio/M000595649,bio/D000066530
D000066550,M000595685,Physical Abuse,7/1/15,4/9/15,1/1/16,bio/M000595685,bio/D000066550
D000066553,M000595694,Problem Behavior,7/6/15,7/5/16,1/1/16,bio/M000595694,bio/D000066553
D000066553,M000619281,"Dysfunctional Behavior, Psychology",,,,bio/M000619281,bio/D000066553
D000066553,M000599813,Disruptive Behavior,,,,bio/M000599813,bio/D000066553
D000066608,M000595823,Underage Drinking,7/6/15,5/27/20,1/1/16,bio/M000595823,bio/D000066608
D000066608,M000598918,Legal Drinking Age,,,,bio/M000598918,bio/D000066608
D000066630,M000595942,Ectopic Gene Expression,7/7/15,6/17/16,1/1/16,bio/M000595942,bio/D000066630
D000066670,M000595981,Cell Plasticity,7/9/15,1/15/16,1/1/16,bio/M000595981,bio/D000066670
D000066673,M000595987,Cell Self Renewal,7/9/15,1/15/16,1/1/16,bio/M000595987,bio/D000066673
D000066673,M000600198,Stem Cell Self-Renewal,,,,bio/M000600198,bio/D000066673
D000066768,M000596264,Rehabilitation Research,7/1/15,10/15/14,1/1/16,bio/M000596264,bio/D000066768
D000066792,M000596291,Orthodontists,7/1/15,6/29/18,1/1/16,bio/M000596291,bio/D000066792
D000066792,M000596293,Dentofacial Orthopedists,,,,bio/M000596293,bio/D000066792
D000066794,M000596294,Oral and Maxillofacial Surgeons,7/1/15,6/29/18,1/1/16,bio/M000596294,bio/D000066794
D000066794,M000596544,Exodontists,,,,bio/M000596544,bio/D000066794
D000066829,M000596409,Neuroprotection,7/7/15,7/5/19,1/1/16,bio/M000596409,bio/D000066829
D000066888,M000596765,"Diet, Food, and Nutrition",7/1/15,6/17/15,1/1/16,bio/M000596765,bio/D000066888
D000066889,M0003855,Triticale,7/1/15,8/13/20,1/1/16,bio/M0003855,bio/D000066889
D000066891,M000596781,Critical Care Outcomes,7/1/15,5/30/19,1/1/16,bio/M000596781,bio/D000066891
D000066908,M000596822,Simulation Training,7/1/15,10/15/14,1/1/16,bio/M000596822,bio/D000066908
D000066908,M000598229,Interactive Learning,,,,bio/M000598229,bio/D000066908
D000066928,M000596863,Millets,7/1/15,9/2/20,1/1/16,bio/M000596863,bio/D000066928
D000066949,M000597265,Biobehavioral Sciences,7/9/15,2/21/20,1/1/16,bio/M000597265,bio/D000066949
D000066970,M000597344,Protein Corona,7/1/15,10/15/14,1/1/16,bio/M000597344,bio/D000066970
D000066988,M000597380,Vegetarians,7/6/15,10/15/14,1/1/16,bio/M000597380,bio/D000066988
D000066988,M000597831,Lacto-Ovo Vegetarians,,,,bio/M000597831,bio/D000066988
D000066989,M000597400,Vegans,7/6/15,10/15/14,1/1/16,bio/M000597400,bio/D000066989
D000067,M0000096,Accounts Payable and Receivable,5/5/77,5/30/90,1/1/91,bio/M0000096,bio/D000067
D000067,M0000095,Accounts Payable,,,,bio/M0000095,bio/D000067
D000067009,M000597564,Youth Sports,7/1/15,10/15/14,1/1/16,bio/M000597564,bio/D000067009
D000067009,M000597565,Organized Youth Sports,,,,bio/M000597565,bio/D000067009
D000067010,M000597566,Literacy,7/10/15,6/30/17,1/1/16,bio/M000597566,bio/D000067010
D000067010,M0007114,Illiteracy,,,,bio/M0007114,bio/D000067010
D000067011,M000597567,Severe Acute Malnutrition,7/1/15,10/15/14,1/1/16,bio/M000597567,bio/D000067011
D000067012,M000597568,"Banking, Personal",7/1/15,10/23/14,1/1/16,bio/M000597568,bio/D000067012
D000067012,M000598223,Savings Accounts,,,,bio/M000598223,bio/D000067012
D000067012,M000598993,Checking Accounts,,,,bio/M000598993,bio/D000067012
D000067013,M000597569,Evidence-Based Facility Design,7/1/15,10/15/14,1/1/16,bio/M000597569,bio/D000067013
D000067029,M000597655,"Physical Appearance, Body",7/1/15,11/24/15,1/1/16,bio/M000597655,bio/D000067029
D000067030,M000597658,Fruit and Vegetable Juices,7/1/15,7/9/19,1/1/16,bio/M000597658,bio/D000067030
D000067030,M000598121,Vegetable Juices,,,,bio/M000598121,bio/D000067030
D000067030,M000598120,Fruit Juices,,,,bio/M000598120,bio/D000067030
D000067048,M0006336,Ghee,7/1/15,1/12/15,1/1/16,bio/M0006336,bio/D000067048
D000067071,M000597774,Hydraulic Fracking,7/1/15,10/15/14,1/1/16,bio/M000597774,bio/D000067071
D000067073,M000597776,Psychological Trauma,7/6/15,1/14/19,1/1/16,bio/M000597776,bio/D000067073
D000067074,M000597777,Peer Influence,7/1/15,7/1/15,1/1/16,bio/M000597777,bio/D000067074
D000067074,M000597778,Peer Pressure,,,,bio/M000597778,bio/D000067074
D000067075,M000597800,Vegetable Products,7/1/15,10/14/14,1/1/16,bio/M000597800,bio/D000067075
D000067088,M000597832,Direct-to-Consumer Advertising,7/1/15,10/15/14,1/1/16,bio/M000597832,bio/D000067088
D000067108,M000597879,Direct-To-Consumer Screening and Testing,7/6/15,6/26/15,1/1/16,bio/M000597879,bio/D000067108
D000067128,M000597885,Extracellular Vesicles,7/10/15,7/10/15,1/1/16,bio/M000597885,bio/D000067128
D000067128,M000597887,Exovesicles,,,,bio/M000597887,bio/D000067128
D000067128,M000597888,Apoptotic Bodies,,,,bio/M000597888,bio/D000067128
D000067148,M000597932,Fungal Viruses,7/1/15,9/2/20,1/1/16,bio/M000597932,bio/D000067148
D000067170,M0533148,Telocytes,7/6/15,1/12/15,1/1/16,bio/M0533148,bio/D000067170
D000067190,M000598118,Exoskeleton Device,7/7/15,7/6/15,1/1/16,bio/M000598118,bio/D000067190
D000067190,M000598119,Robotic Exoskeleton,,,,bio/M000598119,bio/D000067190
D000067208,M000598204,Shellfish Hypersensitivity,7/6/15,11/21/14,1/1/16,bio/M000598204,bio/D000067208
D000067248,M000599441,"Failure to Rescue, Health Care",7/9/15,5/30/19,1/1/16,bio/M000599441,bio/D000067248
D000067250,M000598273,Psychiatric Rehabilitation,7/1/15,4/29/20,1/1/16,bio/M000598273,bio/D000067250
D000067250,M000679406,Psychosocial Care,,,,bio/M000679406,bio/D000067250
D000067251,M000598274,Symptom Flare Up,7/1/15,10/5/18,1/1/16,bio/M000598274,bio/D000067251
D000067251,M000644799,Symptom Exacerbation,,,,bio/M000644799,bio/D000067251
D000067268,M000598304,Isolated Heart Preparation,7/6/15,11/2/18,1/1/16,bio/M000598304,bio/D000067268
D000067268,M000598306,Langendorff Perfused Heart,,,,bio/M000598306,bio/D000067268
D000067268,M000599514,Working Heart Preparation Technique,,,,bio/M000599514,bio/D000067268
D000067268,M000598305,Working Heart Preparation,,,,bio/M000598305,bio/D000067268
D000067268,M000599513,Isolated Heart Preparation Technique,,,,bio/M000599513,bio/D000067268
D000067269,M0416012,"Diet, Vegan",7/9/15,6/30/16,1/1/16,bio/M0416012,bio/D000067269
D000067269,M000615343,Veganism,,,,bio/M000615343,bio/D000067269
D000067289,M000598346,Behavior Observation Techniques,7/9/15,7/7/15,1/1/16,bio/M000598346,bio/D000067289
D000067290,M000598347,Behavior Rating Scale,7/9/15,7/7/15,1/1/16,bio/M000598347,bio/D000067290
D000067290,M000598349,Behavior Test,,,,bio/M000598349,bio/D000067290
D000067292,M000598358,Alcohol Drinking in College,7/9/15,7/7/15,1/1/16,bio/M000598358,bio/D000067292
D000067329,M000598563,"Obesity, Metabolically Benign",7/1/15,5/30/19,1/1/16,bio/M000598563,bio/D000067329
D000067348,M000598785,Whole Grains,7/1/15,2/26/15,1/1/16,bio/M000598785,bio/D000067348
D000067348,M000600566,Whole Grain Cereals,,,,bio/M000600566,bio/D000067348
D000067368,M000599080,Transanal Endoscopic Surgery,7/1/15,6/20/17,1/1/16,bio/M000599080,bio/D000067368
D000067368,M000626938,Transanal Minimally Invasive Surgery,,,,bio/M000626938,bio/D000067368
D000067369,M000599083,Transanal Endoscopic Microsurgery,7/1/15,1/12/15,1/1/16,bio/M000599083,bio/D000067369
D000067390,M000599150,Cold Injury,7/7/15,7/6/15,1/1/16,bio/M000599150,bio/D000067390
D000067393,M000599156,Personal Protective Equipment,7/1/15,5/27/20,1/1/16,bio/M000599156,bio/D000067393
D000067397,M000599163,Nerve Agents,7/1/15,5/27/20,1/1/16,bio/M000599163,bio/D000067397
D000067397,M000617994,Nerve Gas,,,,bio/M000617994,bio/D000067397
D000067398,M000599167,War-Related Injuries,7/6/15,6/29/15,1/1/16,bio/M000599167,bio/D000067398
D000067398,M000599553,War-Related Trauma,,,,bio/M000599553,bio/D000067398
D000067399,M000599182,Abnormal Involuntary Movement Scale,7/9/15,7/7/15,1/1/16,bio/M000599182,bio/D000067399
D000067401,M000599184,Blood Alcohol Content,7/2/15,12/2/14,1/1/16,bio/M000599184,bio/D000067401
D000067404,M000599200,Social Communication Disorder,7/1/15,2/10/15,1/1/16,bio/M000599200,bio/D000067404
D000067408,M000599241,Legal Services,7/1/15,12/2/14,1/1/16,bio/M000599241,bio/D000067408
D000067448,M000599541,Defamation,7/1/15,3/22/19,1/1/16,bio/M000599541,bio/D000067448
D000067448,M000600202,Slander,,,,bio/M000600202,bio/D000067448
D000067448,M000601365,Libel,,,,bio/M000601365,bio/D000067448
D000067449,M000599545,Anger Management Therapy,7/1/15,1/12/15,1/1/16,bio/M000599545,bio/D000067449
D000067450,M000599547,"Psychology, Sports",7/1/15,6/29/18,1/1/16,bio/M000599547,bio/D000067450
D000067453,M000599159,War Exposure,7/7/15,6/29/18,1/1/16,bio/M000599159,bio/D000067453
D000067454,M000599565,Childhood-Onset Fluency Disorder,7/1/15,6/30/15,1/1/16,bio/M000599565,bio/D000067454
D000067455,M000599566,No-Show Patients,7/6/15,6/20/17,1/1/16,bio/M000599566,bio/D000067455
D000067470,M000599707,Cellular Reprogramming Techniques,7/6/15,3/16/17,1/1/16,bio/M000599707,bio/D000067470
D000067470,M000599717,Directed Differentiation Techniques,,,,bio/M000599717,bio/D000067470
D000067470,M000599719,Direct Cell Reprogramming Techniques,,,,bio/M000599719,bio/D000067470
D000067489,M000599741,Metacognition,7/6/15,6/20/17,1/1/16,bio/M000599741,bio/D000067489
D000067489,M000599745,Metacognitive Awareness,,,,bio/M000599745,bio/D000067489
D000067489,M000599743,Metacognitive Monitoring,,,,bio/M000599743,bio/D000067489
D000067489,M000599744,Metacognitive Control,,,,bio/M000599744,bio/D000067489
D000067489,M000632391,Metaemotion,,,,bio/M000632391,bio/D000067489
D000067489,M000599742,Metamemory,,,,bio/M000599742,bio/D000067489
D000067490,M000599765,Prescription Drug Overuse,7/1/15,6/30/17,1/1/16,bio/M000599765,bio/D000067490
D000067491,M000599770,"Near Miss, Healthcare",7/1/15,6/26/15,1/1/16,bio/M000599770,bio/D000067491
D000067492,M000599772,RNAi Therapeutics,7/2/15,6/16/15,1/1/16,bio/M000599772,bio/D000067492
D000067493,M000599773,Dynamic Light Scattering,7/1/15,1/21/15,1/1/16,bio/M000599773,bio/D000067493
D000067493,M000599774,Quasi-Elastic Light Scattering (QELS),,,,bio/M000599774,bio/D000067493
D000067494,M000599811,"Time Out, Healthcare",7/1/15,1/9/15,1/1/16,bio/M000599811,bio/D000067494
D000067494,M000600463,Surgical Time Out,,,,bio/M000600463,bio/D000067494
D000067495,M000599816,Healthcare Failure Mode and Effect Analysis,7/1/15,1/9/15,1/1/16,bio/M000599816,bio/D000067495
D000067495,M000599815,Failure Mode and Effect Analysis,,,,bio/M000599815,bio/D000067495
D000067496,M000599848,Spirit Possession,7/1/15,7/5/19,1/1/16,bio/M000599848,bio/D000067496
D000067498,M000599866,"Crew Resource Management, Healthcare",7/1/15,1/9/15,1/1/16,bio/M000599866,bio/D000067498
D000067508,M000599948,Computer Heuristics,7/7/15,3/22/19,1/1/16,bio/M000599948,bio/D000067508
D000067528,M000599991,Ataxins,7/6/15,5/27/20,1/1/16,bio/M000599991,bio/D000067528
D000067531,M000599994,Alarmins,7/1/15,6/30/16,1/1/16,bio/M000599994,bio/D000067531
D000067548,M000600114,Dermal Fillers,7/1/15,1/21/15,1/1/16,bio/M000600114,bio/D000067548
D000067549,M000600120,Action Spectrum,7/1/15,6/16/15,1/1/16,bio/M000600120,bio/D000067549
D000067551,M000600122,Diplomacy,7/1/15,6/20/17,1/1/16,bio/M000600122,bio/D000067551
D000067552,M000600556,Mutation Accumulation,7/1/15,1/21/15,1/1/16,bio/M000600556,bio/D000067552
D000067552,M000600126,Spontaneous Mutation Accumulation,,,,bio/M000600126,bio/D000067552
D000067556,M000600153,Internal Ribosome Entry Sites,7/1/15,1/12/15,1/1/16,bio/M000600153,bio/D000067556
D000067558,M000600168,Biological Mimicry,7/6/15,6/2/16,1/1/16,bio/M000600168,bio/D000067558
D000067558,M000600496,Biological Camouflage,,,,bio/M000600496,bio/D000067558
D000067559,M000600172,Specific Learning Disorder,7/1/15,2/10/15,1/1/16,bio/M000600172,bio/D000067559
D000067561,M000600188,Potentially Inappropriate Medication List,7/9/15,7/9/15,1/1/16,bio/M000600188,bio/D000067561
D000067561,M000600191,Beers Criteria,,,,bio/M000600191,bio/D000067561
D000067561,M000600192,STOPP (Screening Tool of Older Person's Potentially Inappropriate Prescriptions),,,,bio/M000600192,bio/D000067561
D000067561,M000600190,Medication Appropriateness Index,,,,bio/M000600190,bio/D000067561
D000067562,M000600189,Late Onset Disorders,7/9/15,7/8/15,1/1/16,bio/M000600189,bio/D000067562
D000067563,M000600193,Phakopsora pachyrhizi,7/1/15,5/27/20,1/1/16,bio/M000600193,bio/D000067563
D000067565,M000600200,Farmers,7/9/15,7/7/15,1/1/16,bio/M000600200,bio/D000067565
D000067565,M000601422,Ranchers,,,,bio/M000601422,bio/D000067565
D000067568,M000601530,Culturally Appropriate Technology,7/1/15,1/21/15,1/1/16,bio/M000601530,bio/D000067568
D000067568,M000600207,Intermediate Technology,,,,bio/M000600207,bio/D000067568
D000067568,M000601531,Soft Technology,,,,bio/M000601531,bio/D000067568
D000067570,M000600210,Social Learning,7/1/15,1/21/15,1/1/16,bio/M000600210,bio/D000067570
D000067571,M000600211,Financial Statements,7/1/15,7/2/15,1/1/16,bio/M000600211,bio/D000067571
D000067571,M000600508,"Assets, Financial",,,,bio/M000600508,bio/D000067571
D000067571,M000600214,Cash Flow Statement,,,,bio/M000600214,bio/D000067571
D000067571,M000600212,Balance Sheet,,,,bio/M000600212,bio/D000067571
D000067571,M000600215,Expense Statement,,,,bio/M000600215,bio/D000067571
D000067571,M000600213,Income Statement,,,,bio/M000600213,bio/D000067571
D000067571,M000600507,"Equity, Financial",,,,bio/M000600507,bio/D000067571
D000067571,M000600509,"Liabilities, Financial",,,,bio/M000600509,bio/D000067571
D000067572,M000600230,Miners,7/1/15,1/12/15,1/1/16,bio/M000600230,bio/D000067572
D000067573,M000600243,Chronopharmacokinetics,7/1/15,1/21/15,1/1/16,bio/M000600243,bio/D000067573
D000067575,M000600249,"Administrative Claims, Healthcare",7/1/15,1/21/15,1/1/16,bio/M000600249,bio/D000067575
D000067576,M0004075,Child Health,7/10/15,6/12/20,1/1/16,bio/M0004075,bio/D000067576
D000067576,M000733386,Child Well Being,,,,bio/M000733386,bio/D000067576
D000067596,M000600385,Interleukin-33,7/1/15,6/30/16,1/1/16,bio/M000600385,bio/D000067596
D000067616,M000600476,S100A12 Protein,7/1/15,7/1/16,1/1/16,bio/M000600476,bio/D000067616
D000067617,M000600480,Telopodes,7/1/15,6/12/15,1/1/16,bio/M000600480,bio/D000067617
D000067617,M000600482,Podomers,,,,bio/M000600482,bio/D000067617
D000067617,M000600481,Podoms,,,,bio/M000600481,bio/D000067617
D000067636,M000600199,Drosophila simulans,7/7/15,8/13/20,1/1/16,bio/M000600199,bio/D000067636
D000067656,M000600545,Optimism,7/1/15,5/27/20,1/1/16,bio/M000600545,bio/D000067656
D000067656,M000733042,Positive Attitude,,,,bio/M000733042,bio/D000067656
D000067656,M000614464,Positive Thinking,,,,bio/M000614464,bio/D000067656
D000067657,M000600546,Pessimism,7/1/15,3/2/16,1/1/16,bio/M000600546,bio/D000067657
D000067696,M0250931,Ataxin-1,7/6/15,11/23/15,1/1/16,bio/M0250931,bio/D000067696
D000067697,M000600677,Adolescent Health,7/6/15,6/17/20,1/1/16,bio/M000600677,bio/D000067697
D000067697,M000733387,Adolescent Well Being,,,,bio/M000733387,bio/D000067697
D000067698,M0394791,Ataxin-2,7/6/15,11/23/15,1/1/16,bio/M0394791,bio/D000067698
D000067699,M000600684,Ataxin-3,7/6/15,5/27/16,1/1/16,bio/M000600684,bio/D000067699
D000067716,M000600741,Point-of-Care Testing,7/10/15,6/9/20,1/1/16,bio/M000600741,bio/D000067716
D000067716,M0028503,Bedside Testing,,,,bio/M0028503,bio/D000067716
D000067719,M000600756,Ataxin-7,7/6/15,11/23/15,1/1/16,bio/M000600756,bio/D000067719
D000067736,M000600758,Ataxin-10,7/1/15,11/23/15,1/1/16,bio/M000600758,bio/D000067736
D000067756,M000600816,Glucagon-Like Peptide Receptors,7/1/15,5/27/20,1/1/16,bio/M000600816,bio/D000067756
D000067757,M000600817,Glucagon-Like Peptide-1 Receptor,7/1/15,6/17/16,1/1/16,bio/M000600817,bio/D000067757
D000067758,M000600818,Glucagon-Like Peptide-2 Receptor,7/1/15,6/17/16,1/1/16,bio/M000600818,bio/D000067758
D000067759,M000600821,Receptor for Advanced Glycation End Products,7/1/15,5/27/20,1/1/16,bio/M000600821,bio/D000067759
D000067776,M000600947,RNA Recognition Motif Proteins,7/1/15,4/15/16,1/1/16,bio/M000600947,bio/D000067776
D000067777,M0553965,ELAV-Like Protein 2,7/10/15,11/23/15,1/1/16,bio/M0553965,bio/D000067777
D000067778,M0553964,ELAV-Like Protein 3,7/10/15,11/23/15,1/1/16,bio/M0553964,bio/D000067778
D000067779,M0193828,ELAV-Like Protein 4,7/10/15,11/23/15,1/1/16,bio/M0193828,bio/D000067779
D000067780,M0553966,ELAV-Like Protein 1,7/10/15,7/10/15,1/1/16,bio/M0553966,bio/D000067780
D000067796,M000601016,Whey,7/1/15,7/9/19,1/1/16,bio/M000601016,bio/D000067796
D000067816,M000601067,Whey Proteins,7/1/15,7/8/19,1/1/16,bio/M000601067,bio/D000067816
D000067836,M000601122,Hoarding Disorder,7/1/15,3/8/17,1/1/16,bio/M000601122,bio/D000067836
D000067836,M0556398,Obsessive Hoarding,,,,bio/M0556398,bio/D000067836
D000067856,M000601132,Poly(ADP-ribose) Polymerase Inhibitors,7/1/15,5/27/20,1/1/16,bio/M000601132,bio/D000067856
D000067877,M0535163,Autism Spectrum Disorder,7/9/15,5/27/20,1/1/16,bio/M0535163,bio/D000067877
D000067878,M000601217,CELF Proteins,7/1/15,2/26/15,1/1/16,bio/M000601217,bio/D000067878
D000067879,M000601218,CELF1 Protein,7/1/15,2/26/15,1/1/16,bio/M000601218,bio/D000067879
D000067896,M000601285,Industrial Development,7/10/15,7/10/15,1/1/16,bio/M000601285,bio/D000067896
D000067896,M000601286,Technology Development,,,,bio/M000601286,bio/D000067896
D000067896,M0011259,Industrialization,,,,bio/M0011259,bio/D000067896
D000067917,M000601370,Cloud Computing,7/1/15,3/22/19,1/1/16,bio/M000601370,bio/D000067917
D000067936,M0005037,Natural Resources,7/9/15,7/7/15,1/1/16,bio/M0005037,bio/D000067936
D000067936,M0000585,Land Supply,,,,bio/M0000585,bio/D000067936
D000067940,M000598783,Glycemic Load,7/7/15,4/27/16,1/1/16,bio/M000598783,bio/D000067940
D000067956,M000601456,Adenylyl Cyclase Inhibitors,7/1/15,4/2/15,1/1/16,bio/M000601456,bio/D000067956
D000067996,M000601491,RAW 264.7 Cells,7/7/15,7/6/15,1/1/16,bio/M000601491,bio/D000067996
D000068,M0000097,Accreditation,1/1/99,6/3/94,1/1/66,bio/M0000097,bio/D000068
D000068016,M000601524,Clostridiales,7/7/15,8/13/20,1/1/16,bio/M000601524,bio/D000068016
D000068036,M000601534,Graphic Novel,7/1/15,7/5/19,1/1/16,bio/M000601534,bio/D000068036
D000068036,M000627065,Comic Book,,,,bio/M000627065,bio/D000068036
D000068037,M000601546,South Sudan,7/1/15,2/10/15,1/1/16,bio/M000601546,bio/D000068037
D000068079,M000601627,Motor Disorders,7/1/15,4/29/19,1/1/16,bio/M000601627,bio/D000068079
D000068097,M0013117,Maternal Health,7/7/15,7/6/15,1/1/16,bio/M0013117,bio/D000068097
D000068098,M000601663,Seed Bank,7/1/15,6/29/18,1/1/16,bio/M000601663,bio/D000068098
D000068098,M000601664,Germplasm Bank,,,,bio/M000601664,bio/D000068098
D000068099,M000601667,Trauma and Stressor Related Disorders,7/1/15,6/30/15,1/1/16,bio/M000601667,bio/D000068099
D000068101,M0013120,Maternal-Child Health Services,7/7/15,7/1/19,1/1/16,bio/M0013120,bio/D000068101
D000068103,M0252299,Serine-Arginine Splicing Factors,7/10/15,7/1/16,1/1/16,bio/M0252299,bio/D000068103
D000068104,M0011282,Infant Health,7/9/15,7/8/15,1/1/16,bio/M0011282,bio/D000068104
D000068104,M000600250,Newborn Health,,,,bio/M000600250,bio/D000068104
D000068105,M000601674,Bipolar and Related Disorders,7/1/15,4/29/19,1/1/16,bio/M000601674,bio/D000068105
D000068116,M000601713,Gender Dysphoria,7/1/15,6/17/20,1/1/16,bio/M000601713,bio/D000068116
D000068156,M000601936,Formative Feedback,7/1/15,6/30/17,1/1/16,bio/M000601936,bio/D000068156
D000068180,M000602020,Aripiprazole,7/1/15,6/20/18,1/1/16,bio/M000602020,bio/D000068180
D000068180,M000602022,Abilify,,,,bio/M000602022,bio/D000068180
D000068180,M0249360,OPC 14597,,,,bio/M0249360,bio/D000068180
D000068181,M000602031,Prunus dulcis,7/1/15,9/2/20,1/1/16,bio/M000602031,bio/D000068181
D000068181,M0381055,Almonds,,,,bio/M0381055,bio/D000068181
D000068196,M000602078,Albumin-Bound Paclitaxel,7/1/15,6/5/15,1/1/16,bio/M000602078,bio/D000068196
D000068196,M000603318,Abraxane,,,,bio/M000603318,bio/D000068196
D000068196,M0439935,ABI007,,,,bio/M0439935,bio/D000068196
D000068216,M0535008,Child Protective Services,7/9/15,7/7/15,1/1/16,bio/M0535008,bio/D000068216
D000068217,M0020064,Social Workers,7/7/15,7/7/15,1/1/16,bio/M0020064,bio/D000068217
D000068218,M0399293,Prunus africana,7/1/15,8/13/20,1/1/16,bio/M0399293,bio/D000068218
D000068219,M0387944,Prunus armeniaca,7/1/15,9/2/20,1/1/16,bio/M0387944,bio/D000068219
D000068219,M0029220,Apricot,,,,bio/M0029220,bio/D000068219
D000068220,M000602152,Prunus avium,7/1/15,9/2/20,1/1/16,bio/M000602152,bio/D000068220
D000068220,M0591126,Prunus serotina,,,,bio/M0591126,bio/D000068220
D000068220,M000602180,Sweet Cherries,,,,bio/M000602180,bio/D000068220
D000068220,M000602153,Prunus cerasus,,,,bio/M000602153,bio/D000068220
D000068236,M000602157,Refugium,7/1/15,6/24/15,1/1/16,bio/M000602157,bio/D000068236
D000068237,M000602158,Distance Counseling,7/1/15,6/29/15,1/1/16,bio/M000602158,bio/D000068237
D000068238,M0493211,Lubiprostone,7/10/15,7/9/15,1/1/16,bio/M0493211,bio/D000068238
D000068238,M0493212,RU 0211,,,,bio/M0493212,bio/D000068238
D000068238,M0497992,Amitiza,,,,bio/M0497992,bio/D000068238
D000068238,M0493213,SPI 0211,,,,bio/M0493213,bio/D000068238
D000068239,M0387943,Prunus persica,7/1/15,9/2/20,1/1/16,bio/M0387943,bio/D000068239
D000068239,M0381054,Peach,,,,bio/M0381054,bio/D000068239
D000068240,M000602181,Data Anonymization,7/6/15,7/3/17,1/1/16,bio/M000602181,bio/D000068240
D000068240,M000624127,De-Identification,,,,bio/M000624127,bio/D000068240
D000068240,M000602182,Data Masking,,,,bio/M000602182,bio/D000068240
D000068241,M000602183,Personally Identifiable Information,7/6/15,6/29/15,1/1/16,bio/M000602183,bio/D000068241
D000068242,M000602186,Prunus domestica,7/1/15,9/2/20,1/1/16,bio/M000602186,bio/D000068242
D000068242,M0381052,Plum,,,,bio/M0381052,bio/D000068242
D000068242,M000601681,Prunus cerasifera,,,,bio/M000601681,bio/D000068242
D000068242,M000602187,Prunus salicina,,,,bio/M000602187,bio/D000068242
D000068256,M0374902,Darbepoetin alfa,7/10/15,10/6/15,1/1/16,bio/M0374902,bio/D000068256
D000068256,M0432471,Aranesp,,,,bio/M0432471,bio/D000068256
D000068256,M0500808,KRN 321,,,,bio/M0500808,bio/D000068256
D000068257,M0548057,"Efavirenz, Emtricitabine, Tenofovir Disoproxil Fumarate Drug Combination",7/10/15,4/29/19,1/1/16,bio/M0548057,bio/D000068257
D000068257,M0507695,Atripla,,,,bio/M0507695,bio/D000068257
D000068258,M0443627,Bevacizumab,7/10/15,11/2/18,1/1/16,bio/M0443627,bio/D000068258
D000068258,M000638103,Mvasi,,,,bio/M000638103,bio/D000068258
D000068258,M000638602,Bevacizumab-awwb,,,,bio/M000638602,bio/D000068258
D000068258,M0446630,Avastin,,,,bio/M0446630,bio/D000068258
D000068276,M000602311,Giraffes,7/1/15,8/13/20,1/1/16,bio/M000602311,bio/D000068276
D000068276,M000602313,Okapis,,,,bio/M000602313,bio/D000068276
D000068296,M000603388,Risedronic Acid,7/1/15,1/3/19,1/1/16,bio/M000603388,bio/D000068296
D000068296,M000642267,1-Hydroxy-2-(3-pyridyl)ethylidene diphosphonate,,,,bio/M000642267,bio/D000068296
D000068296,M0557666,Atelvia,,,,bio/M0557666,bio/D000068296
D000068296,M000602344,Risedronate Sodium,,,,bio/M000602344,bio/D000068296
D000068296,M000642268,2-(3-pyridinyl)-1-hydroxyethylidene-bisphosphonate,,,,bio/M000642268,bio/D000068296
D000068296,M000638381,"Risedronic Acid, Monosodium Salt",,,,bio/M000638381,bio/D000068296
D000068296,M000603519,Actonel,,,,bio/M000603519,bio/D000068296
D000068296,M000641257,Risedronate,,,,bio/M000641257,bio/D000068296
D000068296,M000594877,Bisphosphonate Risedronate Sodium,,,,bio/M000594877,bio/D000068296
D000068297,M000623538,Fluticasone-Salmeterol Drug Combination,7/1/15,1/17/17,1/1/16,bio/M000623538,bio/D000068297
D000068297,M000602345,"Fluticasone Propionate, Salmeterol Xinafoate Drug Combination",,,,bio/M000602345,bio/D000068297
D000068297,M000602351,Advair Diskus,,,,bio/M000602351,bio/D000068297
D000068297,M0413150,Seretide,,,,bio/M0413150,bio/D000068297
D000068297,M000602353,Advair HFA,,,,bio/M000602353,bio/D000068297
D000068297,M000603319,Advair,,,,bio/M000603319,bio/D000068297
D000068298,M000602354,Fluticasone,7/1/15,5/31/16,1/1/16,bio/M000602354,bio/D000068298
D000068298,M0179830,Flonase,,,,bio/M0179830,bio/D000068298
D000068298,M000603891,Flovent HFA,,,,bio/M000603891,bio/D000068298
D000068298,M0179828,Cutivate,,,,bio/M0179828,bio/D000068298
D000068298,M000603403,Fluticasone Propionate,,,,bio/M000603403,bio/D000068298
D000068298,M0365914,Flixonase,,,,bio/M0365914,bio/D000068298
D000068298,M0179829,Flixotide,,,,bio/M0179829,bio/D000068298
D000068298,M0361267,Flovent,,,,bio/M0361267,bio/D000068298
D000068299,M000602359,Salmeterol Xinafoate,7/1/15,6/5/15,1/1/16,bio/M000602359,bio/D000068299
D000068299,M000603386,Salmeterol,,,,bio/M000603386,bio/D000068299
D000068299,M000603335,Serevent,,,,bio/M000603335,bio/D000068299
D000068316,M000602387,"Parks, Recreational",7/1/15,6/18/20,1/1/16,bio/M000602387,bio/D000068316
D000068316,M000605186,National Parks,,,,bio/M000605186,bio/D000068316
D000068316,M000605188,Community Parks,,,,bio/M000605188,bio/D000068316
D000068316,M000680297,Green Space,,,,bio/M000680297,bio/D000068316
D000068316,M000605185,Urban Parks,,,,bio/M000605185,bio/D000068316
D000068336,M000602388,Warfare and Armed Conflicts,7/1/15,4/29/19,1/1/16,bio/M000602388,bio/D000068336
D000068337,M000602392,Armed Conflicts,7/1/15,12/14/17,1/1/16,bio/M000602392,bio/D000068337
D000068337,M0022869,Wars,,,,bio/M0022869,bio/D000068337
D000068338,M000602394,Everolimus,7/1/15,6/5/15,1/1/16,bio/M000602394,bio/D000068338
D000068338,M0375756,RAD 001,,,,bio/M0375756,bio/D000068338
D000068338,M000603402,Afinitor,,,,bio/M000603402,bio/D000068338
D000068338,M0446654,Certican,,,,bio/M0446654,bio/D000068338
D000068342,M0539734,"Aspirin, Dipyridamole Drug Combination",7/1/15,5/27/16,1/1/16,bio/M0539734,bio/D000068342
D000068342,M0137475,TX 3301,,,,bio/M0137475,bio/D000068342
D000068342,M0397744,Extended-Release Dipyridamole-Aspirin,,,,bio/M0397744,bio/D000068342
D000068342,M0137473,Asasantin,,,,bio/M0137473,bio/D000068342
D000068342,M0397745,Asasantin Retard,,,,bio/M0397745,bio/D000068342
D000068342,M0359403,Aggrenox,,,,bio/M0359403,bio/D000068342
D000068356,M000602570,Self-Control,7/10/15,7/9/15,1/1/16,bio/M000602570,bio/D000068356
D000068357,M000602575,Saline Waters,7/7/15,7/6/15,1/1/16,bio/M000602575,bio/D000068357
D000068357,M000606780,Brackish Water,,,,bio/M000606780,bio/D000068357
D000068376,M000602637,Compassion Fatigue,7/6/15,10/14/16,1/1/16,bio/M000602637,bio/D000068376
D000068377,M0016966,Plantaginaceae,7/7/15,8/13/20,1/1/16,bio/M0016966,bio/D000068377
D000068377,M0418971,Stemodia,,,,bio/M0418971,bio/D000068377
D000068377,M0418970,Globularia,,,,bio/M0418970,bio/D000068377
D000068378,M000602638,Lamiales,7/1/15,8/13/20,1/1/16,bio/M000602638,bio/D000068378
D000068378,M0398620,Proboscidea Plant,,,,bio/M0398620,bio/D000068378
D000068397,M000602720,Clinical Study,7/1/15,6/29/15,1/1/16,bio/M000602720,bio/D000068397
D000068436,M000602817,Surgical Clearance,7/1/15,7/5/19,1/1/16,bio/M000602817,bio/D000068436
D000068437,M0227083,Pemetrexed,7/1/15,5/31/16,1/1/16,bio/M0227083,bio/D000068437
D000068437,M000603406,Pemetrexed Disodium,,,,bio/M000603406,bio/D000068437
D000068437,M0227084,LY 231514,,,,bio/M0227084,bio/D000068437
D000068437,M0407271,Alimta,,,,bio/M0407271,bio/D000068437
D000068438,M0065049,Brimonidine Tartrate,7/1/15,5/21/18,1/1/16,bio/M0065049,bio/D000068438
D000068438,M0312903,"Brimonidine Tartrate (1:1), (S-(R*,R*))-Isomer",,,,bio/M0312903,bio/D000068438
D000068438,M0517501,Brimonidine Purite,,,,bio/M0517501,bio/D000068438
D000068438,M0065040,AGN 190342,,,,bio/M0065040,bio/D000068438
D000068438,M000603526,Sanrosa,,,,bio/M000603526,bio/D000068438
D000068438,M000603394,Alphagan,,,,bio/M000603394,bio/D000068438
D000068438,M000603395,Brimonidine,,,,bio/M000603395,bio/D000068438
D000068438,M000638382,Alphagan P,,,,bio/M000638382,bio/D000068438
D000068438,M0065042,"UK 14,304",,,,bio/M0065042,bio/D000068438
D000068438,M000603399,Ratio-Brimonidine,,,,bio/M000603399,bio/D000068438
D000068438,M0065043,"UK 14,304-18",,,,bio/M0065043,bio/D000068438
D000068438,M0065045,UK 14308,,,,bio/M0065045,bio/D000068438
D000068438,M0312901,"Brimonidine Tartrate, (R-(R*,R*))-Isomer",,,,bio/M0312901,bio/D000068438
D000068438,M0312902,Brimonidine Tartrate (1:1),,,,bio/M0312902,bio/D000068438
D000068438,M000603397,Mirvaso,,,,bio/M000603397,bio/D000068438
D000068456,M000602856,Clinical Studies as Topic,7/1/15,6/29/18,1/1/16,bio/M000602856,bio/D000068456
D000068476,M000602903,Beijing,7/1/15,5/27/15,1/1/16,bio/M000602903,bio/D000068476
D000068516,M000602983,African Union,7/1/15,6/29/15,1/1/16,bio/M000602983,bio/D000068516
D000068536,M000603052,Firmicutes,7/7/15,8/13/20,1/1/16,bio/M000603052,bio/D000068536
D000068538,M0281571,Dutasteride,7/1/15,5/31/16,1/1/16,bio/M0281571,bio/D000068538
D000068538,M0477724,Avodart,,,,bio/M0477724,bio/D000068538
D000068538,M0281572,GG 745,,,,bio/M0281572,bio/D000068538
D000068538,M0398765,GI198745,,,,bio/M0398765,bio/D000068538
D000068543,M000603068,Calceolariaceae,7/1/15,8/13/20,1/1/16,bio/M000603068,bio/D000068543
D000068543,M000603069,Jovellana,,,,bio/M000603069,bio/D000068543
D000068543,M0449070,Calceolaria,,,,bio/M0449070,bio/D000068543
D000068543,M000603070,Porodittia,,,,bio/M000603070,bio/D000068543
D000068556,M0230367,Interferon beta-1a,7/1/15,3/1/18,1/1/16,bio/M0230367,bio/D000068556
D000068556,M000638383,Avonex Pen,,,,bio/M000638383,bio/D000068556
D000068556,M0129579,Rebif,,,,bio/M0129579,bio/D000068556
D000068556,M0230365,Avonex,,,,bio/M0230365,bio/D000068556
D000068557,M0257341,Olmesartan Medoxomil,7/1/15,3/1/18,1/1/16,bio/M0257341,bio/D000068557
D000068557,M0423469,Benicar,,,,bio/M0423469,bio/D000068557
D000068557,M000638384,Olmetec,,,,bio/M000638384,bio/D000068557
